이	MM
값	NNG
안마	NNP
송편	NNP
혜택	NNG
검정	NNG
이면	NNP
ㅇㅇㅇ	NA
요기	NNG
냐고	EC
원인	NNP
대도	NNP
세	MM
의류	NNG
구정	NNP
추석	NNG
폴딩카트를	NA
상품	NNP
집게	NNG
베개	NNP
주얼리	NNP
넥타이	NNP
미색	NNG
온건	NNG
ㅂ니다	EC
어야죠	EF
락앤락	NNP
불	XPN
대충	MAG
엉뚱	XR
청하면	NNP
박스	NNP
빨간색	NNG
오만	NR
고객	NNG
사랑	NNG
머리	NNG
문자	NNG
갈비탕	NNP
검정색	NNG
다니	VV
포인트	NNG
급	NNG
무선	NNP
특가	NNG
려고	EC
아도	EC
에다가	JKB
프	VX
칠만	NR
체인	NNP
라던데	EC
비용	NNG
덥	VA
다	EF
싱싱	XR
당연히	MAG
계속	MAG
상태	NNG
경비실	NNG
사가	NNP
신고	NNG
ㅇㅇㅇ이고요.	NA
몸무게	NNP
누르	VV
관절	NNP
진짜	MAG
XL	SL
새우	NNP
이신	NNP
가야	NNP
도가니탕	NNG
세	VA
ㄴ들	EC
헷갈려서	NA
브로	NNP
미디움은요?	NA
ㄴ다던데	EC
성용	NNP
집	NNG
이천	NNP
밤	NNG
라고	NNP
일반	NNG
컬러	NNP
230	SN
오프	NNG
바로	MAG
넣	VV
사십	NR
ㄴ다고	EF
주소	NNP
고르	VV
르	NNG
1	SN
완료	NNG
처음	NNG
어떡하	VV
생물	NNP
면	NNG
ㅇㅇㅇ인데요.	NA
스타일	NNG
티슈	NNG
엠	NA
아이고	IC
ㄴ다는	ETM
엠이	NA
합하	VV
임직원	NNG
괜찮	VA
데요	EF
그중	NNG
메	NNG
연세	NNP
대	VX
간고등어	NNG
코디	NNG
지난주	NNG
가능	XR
저렇	VA
에이에스	NA
왜냐하면	MAJ
든가	EF
오	IC
김	NNP
어쩐지	MAG
나이트	NNP
디스플레이	NNP
패턴	NNP
상관없	VA
로더	NNP
좋	VA
그레	NNG
70	SN
동안	NNP
상관	NNG
등	NNB
그	MM
인지	NNP
콩	NNG
77	SN
정장	NNG
에서	JKB
110	NNP
크림	NNP
가방	NNP
모자	NNP
공단	NNP
예	IC
안	VV
색	NNG
번거롭	VA
목요일	NNP
일단	MAG
천원	NNP
어제	MAG
우리	NP
설명서	NNG
못하	VX
똑같	VA
도	JX
오호	NNP
편광	NNP
거기	NP
샌들	NNP
불이	NNP
스포츠	NNP
네이버	NNP
18	SN
로즈	NNP
44	SN
ㄴ다니까요	EC
도와주	VV
?	SF
생선	NNG
렉스	NNP
류	XSN
쿠	NNG
현금	NNG
~	SO
거제	NNP
장하나	NNP
정기	NNP
슬림핏을	NA
만	JX
시작	NNG
일	NNB
이미	MAG
발송	NNG
시계	NNG
년	NNB
칠일	NNG
곰	NNG
아직	MAG
고정	NNG
요청	NNG
또는	MAJ
입	VV
자	EC
ㅇㅇ카드로	NA
켤레	NNP
여성	NNG
중	NNB
육십	NR
부치	VV
검은색	NNG
벨레스	NNP
중국산	NNP
드릴	NNP
딱딱	XR
청구서	NNG
짝	NNB
대상	NNG
선택	NNG
중인	NNP
치	VV
건	NNB
ㅂ시오	EF
보	VV
마냥	MAG
어뜨케돼예?	NA
날	VV
네요	EF
짧	VA
차	NNG
테레비	NNG
루이	NNP
운송장	NNG
려	EC
상하	VV
옆	NNG
장식	NNG
연분홍	NNP
ㄹ게요	EF
정말	MAG
토요일	NNG
대	EC
해동	NNG
오원	NNP
흠집	NNG
대요	EF
중량	NNG
조립	NNG
곤	EC
구	NNG
어린이	NNG
그대로	MAG
에게	JKB
거래	NNG
용량	NNG
260	SN
삼십	NR
테	NNG
바닥	NNG
올리브	NNP
고	XPN
플러스	NNP
실내	NNG
박은	NNP
믄	EC
라에	NNP
오래	MAG
주문	NNP
월요일	NNP
밝	VA
주시	NNP
천	NNP
갈비찜	NNP
브라하고	NA
인기	NNP
미듐	NA
넉넉	XR
트러블	NNP
트레이닝	NNG
가부	NNP
만요	NNP
검	VA
그라	VV
혈당	NNP
무겁	VA
광택	NNP
ㅇㅇㅇ입니다.	NA
피콜로	NNP
니까	EF
네	EF
예약	NNG
버	NNP
려다가	EC
게	NNG
경우	NNG
블루	NNP
전달	NNG
님	XSN
빛나	VV
그러면	MAJ
좀	MAG
이제	NNG
찾	VV
웬만	XR
봉	NNG
플러스 원	NNP
충전기	NNP
달	VX
호가	NNP
55	SN
칠팔	NR
티타늄으로	NA
께	JKB
삼은	NNP
내용	NNG
삼천	NR
에이알에스하다가	NA
네	XSN
예요	EF
벨트	NNG
아쉽	VA
가격	NNP
송	NNP
가	EF
적립	NNG
일전	NNG
지퍼	NNP
이런	MM
는	ETM
려고요	EF
생	XPN
애매	XR
저번	NNG
마감	NNG
지	NNB
군청색	NNG
삼백	NR
싶	VX
칠십	NR
단	MM
개월	NNB
일정	NNG
조	NNP
박히	VV
실수	NNP
21	SN
공용	NNP
거치	VV
만	NNB
현재	MAG
구성은	NNP
쿠션	NNP
사과	NNG
다음날	NNG
녹색	NNG
머스트	NNP
팔	NR
팔도	NNP
진주	NNP
저	NP
할부	NNG
아서	EF
더블	NNP
내용물	NNG
3	SN
ㄴ대요	EF
안	NNG
좌석	NNP
쉬	VV
위	NNG
팔찌	NNP
려는	ETM
변경	NNG
는대요	EF
주말	NNG
죄송	XR
110	SN
정사	NNP
가격표	NNG
이	NP
우롱	NNG
여자도	NNP
가도	NNP
정	NNP
알레르기	NNP
려는데	EF
컷	NNG
이포	NNP
답답	XR
선물	NNP
딱	MAG
먼저	MAG
안나	NNP
내	NP
대형	NNG
모델	NNG
ㅇㅇㅇ인데요,	NA
넘어가	VV
으로	JKB
공휴일	NNP
흡입	NNG
허리	NNG
이체	NNG
핫	NNG
치약	NNP
네요	EC
입	NNG
이	VCP
라	EC
포	NNG
골드	NNP
알쏭	NA
아야지	EC
의료	NNP
은	JX
냐구요	EF
내	NNB
ㄴ데예	EF
보	NNG
여	NNG
ㅇㅇㅇ으로	NA
진액	NNG
얼마죠?	NA
건지	VV
단화	NNP
톤	NNB
아쿠아	NNP
물어보	VV
빨리	MAG
요렇	VA
도착	NNG
그때	NNG
블랙	NNG
아기	NNG
수령	NNG
젤리	NNP
기장	NNP
교환	NNG
으니까	EC
구마	NNP
봄	NNG
ㄴ지요	EF
일시불	NNG
접	NNB
구로	NNP
통	NNB
으려니	EC
메모	NNG
화	NNG
사천	NNP
ㄴ	JX
열	VV
근데	MAJ
어떻해	NA
표시	NNG
더	MAG
쌈지	NNG
세제	NNP
전체	NNG
펜더	NNP
니까	EC
랑	NNP
앞코	NNG
준비	NNG
카카오	NNP
엠치고는	NA
뭇	NNB
눈	NNG
이삼만	NNP
드	NNP
알	NNP
고급	NNG
그리	VV
문	NNP
려다	EC
다크	NNP
일찍	MAG
105	SN
삭제	NNP
조그맣	VA
면바지	NNG
충전	NNG
옐로	NNP
삼	NR
프로	NNG
동국	NNP
호	NNB
김치	NNG
다시	MAG
불량	NNG
돌아가	VV
브로치	NNP
정하	VV
런	NNG
에이핏	NA
아서요	EC
칠백	NR
거	NNB
구강	NNP
지도	NNG
위아래	NNP
법성포	NNP
레드	NNP
예	JX
서른	NR
는가	EC
그	NP
그램	NNP
백	NNP
하	XSV
통장	NNP
나중	NNG
지갑	NNP
제주	NNP
밤색	NNP
종	NNG
주소지	NNG
컵	NNG
하이	NNP
ㅇㅇ쇼핑에서는	NA
티셔츠	NNG
수거	NNG
마리	NNB
통일	NNG
매	NNB
주	VX
사일	NNP
88	SN
내야	NNG
소형	NNG
대하	VV
양념	NNG
내일	NNP
66	SN
각	NNG
유행	NNG
통보	NNG
구스	NA
삼종	NNG
내외	NNG
인터넷	NNG
고맙	VA
나머지	NNG
양말	NNP
정가	NNG
을까요	EF
완화	NNG
보고	JKB
은	ETM
것	NNB
야	JX
열두	NR
란	ETM
슈	EC
쇼	NNG
20	SN
빠르	VA
신상도	NNP
안받	VV
청구	NNP
리어	NNP
날수	NNG
려면	EC
동일	NNG
바깥	NNG
덩어리	NNG
ㄹ까	EC
검정	NNP
그쵸?	NA
마리	NNP
바꾸	VV
자주	MAG
남은	NNP
잖아요	EC
난리	NNG
라서요	EF
조회	NNG
들어서	VV
안쪽	NNG
최초	NNG
젖	VV
청바지	NNG
에어컨	NNP
전복	NNP
공통	NNG
삼일	NNG
하진	NNP
테이프	NNP
이해	NNG
어떠	XR
특별히	MAG
접수	NNG
일요일	NNG
는데예	EF
네네	NNP
안내	NNG
고장	NNG
이비	NNP
카라	NNP
고객	NNP
잘못	NNG
이자	NNP
달	VV
문자	NNP
일월	NNP
시키	VV
포인트	NNP
벌	NNB
멀	VA
야	JKV
은	NNP
경기도	NNP
신	VV
어른	NNG
달리	VV
이태리	NNP
셔츠	NNP
메달	NNG
때	NNG
구월	NNP
오오	NNP
지금	MAG
하고	JKB
ㄴ지	EC
가입	NNG
브라자	NNG
요즘	NNG
신고	NNP
0	SN
건지	NNG
짜	VV
살	VV
물먹	VV
올리비아	NNP
ㄴ지요	EC
적립금	NNG
도저히	MAG
니까요	EF
대로	JX
요	EF
튀	VV
취리히	NNP
며칠	NNG
라도	EC
냐는	ETM
베이직	NNG
시험지	NNG
잠시	MAG
맘	NNG
실크	NNG
파손	NNG
홈쇼핑	NNP
멘트	NNG
깨끗	XR
는지	EC
카	NNP
스타일	NNP
락스	NNP
ㄴ단	ETM
5	SN
꺼내	VV
플로	NNP
원사	NNP
OO	SL
240	NNP
화나	VV
동일	XR
오	NNP
연휴	NNG
바지	NNG
기로	NNP
발급	NNG
변심	NNG
심심	XR
어쨌든	MAG
소용없	VA
특	NNG
떼	VV
오면	EC
더라도	EC
이것	NP
이후	NNG
등록	NNG
가	VV
ㄹ라면	EC
하기	NNP
만들	VV
찌	VV
로	NNG
어찌	MAG
프리사	NNP
예	NNP
굴비	NNG
미리	NNP
생각	NNG
신한	NNP
무난	XR
전	NNG
편하	VA
방향	NNG
지요	EF
누비	VV
들리	VV
그것	NP
택배	NNP
이예	NNP
명세서	NNG
간	NNB
완전히	MAG
후레쉬	NNG
해보	VV
신발	NNG
톡	MAG
바쁘	VA
자체	NNG
노	EF
해	NNG
팔천	NR
까지	VV
뒤	NNG
무	NNG
지나	VV
마	NNG
을까	EC
하나	NR
칠	NNG
생선	NNP
기름	NNP
줄어들	VV
찜	NNG
구구	NNG
하	VX
현금	NNP
차	NNB
건강	NNG
안녕하세요	NNP
이쪽	NP
디자인	NNP
주신	NNG
주황색	NNG
끈	NNG
시계	NNP
대	XPN
라이	NNP
물	NNG
미디엄	NNP
다양	XR
문제	NNG
토드	NNP
십만	NR
구성	NNG
칠	NR
여주	NNP
브라우니	NNP
을려고	EC
외투	NNP
제대로	MAG
하면	NNP
인중	NNP
산지	NNP
업체	NNG
라는	ETM
상태도	NNP
신어	NNP
예정	NNG
이전	NNG
사이	NNG
있	VX
올라가	VV
만년필	NNP
식품	NNG
순	NNG
에	JKB
밖에	JX
토요일	NNP
거나	EC
서요	NNP
에이알에스하고	NA
치	XSN
구가	NNG
루	JKB
잘나가	VV
다면	EC
예예	IC
시월	NNG
반지	NNP
체크무늬	NNG
처음이라서	NNP
용량	NNP
그런	MM
으니깐	EC
설치	NNG
남편	NNG
나	JX
ㅇㅇㅇ요.	NA
게요	EF
십팔	NR
녹취	NNG
괜찮아	NNP
엠사이즈	NA
도대체	MAG
이지	NNP
달	NNG
상자	NNP
점퍼	NNP
서	JKB
신	NNG
요리	NNG
갈색	NNP
마켓	NNP
냉	NNG
저렴	XR
줄무늬	NNG
고요	NNP
으면	EC
아까	MAG
말	VX
화	XSN
오하	NNP
부츠	NNP
화랑	NNP
이나	JC
부피	NNP
사전	NNG
대략	MAG
굽	VV
요	EC
없애	VV
되	NNB
dc	SL
보아주	VV
습니다	EF
버리	VX
사만	NR
파시	NNP
러닝	NNG
째	XSN
회원	NNG
퍼센트	NNP
그떄	NA
주	VV
의자	NNG
직원	NNG
수납공간	NNG
그리고	MAJ
오도	NNP
헐렁	XR
데	NNB
구슬	NNP
아니요	IC
저쪽	NP
그런데	MAJ
단계	NNG
이씨	NNP
진한	NNP
빨갛	VA
분홍색	NNG
길	NNG
과일	NNP
초록색	NNG
국민	NNG
벨트	NNP
소매	NNP
궁굼해서요.	NA
아니	IC
마네킹	NNP
딩	MAG
뭔	MM
네	IC
받이	NNG
세트	NNP
소리	NNP
모바일	NNP
디워	NNP
호스트	NNP
13	SN
사은품	NNG
았	EP
천구	NNP
선	NNG
엠사이즈는	NA
동그랗	VA
재고	NNG
없이	MAG
라운드	NNG
스럽	XSA
240	SN
스포트라이트	NNP
지만요	EF
방송	NNP
모레	NNG
출발	NNG
건데	EC
구두	NNG
띄	VV
라서	EC
k	SL
새	VV
사과	NNP
에이알에스를	NA
아뇨	IC
줄	NNB
에요	EF
신건	NNP
"	"	SW
노	EC
나이	NNG
추천	NNG
80	SN
뒷줄	NNG
갯수	NNG
오천	NR
물건	NNG
이번	NNG
레	NNP
ㅇㅇㅇㅇ에서	NA
오말	NNP
ㅇㅇ동	NA
ㄹ려다가	EC
세균	NNP
스쿼트	NNP
구십	NR
잖습니까	EF
저기	NNG
오전	NNG
클러치	NNP
치	NNB
는지요	EC
크기	NNG
상의	NNG
그레이	NNP
신	XPN
환불	NNG
종류	NNG
보	NNB
.	SF
목	NNG
남자	NNG
리본	NNP
체격	NNG
행주	NNP
대형	NNP
청소	NNP
미디움이	NA
모델	NNP
정 때문에	NNP
어	EF
어서	EF
현찰	NNG
빨강색	NNG
누락	NNG
허리	NNP
걸	VV
아가씨	NNG
모르	VV
고리	NNP
멫이에요?	NA
원플러스원	NNP
잠깐	NNP
무방	XR
택	NNG
멀리	MAG
링	NNG
어제	NNG
으네요	EF
용	XSN
목걸이	NNP
여기	VV
인조	NNP
사항	NNG
회사	NNG
그러니까	MAJ
꾸	VV
모두	NNG
글쎄요	IC
확실히	MAG
게요	EC
풍기	NNP
16000	SN
입원	NNG
이물질	NNG
블랙	NNP
핑크	NNP
네	MM
남성	NNG
자국	NNG
대	XSN
다고	EC
청송	NNP
들	VV
ㄹ라고	EC
색상	NNG
가져가	VV
고글	NNP
이주	NNP
블라인드	NNP
사마	NNP
엉덩이	NNG
흰색	NNG
테이	NNP
돌	NNP
ㅇㅇ쇼핑에	NA
고약	XR
기존	NNG
겨자	NNP
오일	NNG
엠인가요?	NA
이내	NNG
다	JX
동	NNP
생활	NNG
부탁	NNG
끊어지	VV
서울시	NNP
들어오	VV
무늬	NNG
다음	NNG
맞	VV
쥐	NNG
ㄴ가	EF
습니다	EC
라고	EC
썸머	NA
여지껏	MAG
고무줄	NNP
온도	NNP
가	XPN
수도	NNP
굽	NNG
듣	VV
어깨	NNG
ㅁ	ETN
쿠폰	NNP
스니커즈	NNP
넘어오	VV
너무	MAG
사	NNG
학교 2	NNP
하	VV
280	SN
어라	EC
길	VA
우리집	NNP
충전	NNP
주	NNG
그전	NNG
ㅇㅇㅇ사이즈	NA
적용	NNG
진하	VA
결정	NNG
팔	VV
이백	NR
김치	NNP
여보세요	IC
이일	NNP
어쨌거나	MAJ
개봉	NNP
싱글	NNP
베이지	NNG
을래	EC
로그인	NNP
그럼	MAJ
옷걸이	NNG
와도	NNP
엠사이즈로	NA
핀	NNP
단위	NNP
ㅇㅇㅇㅇ인지	NA
핑크색	NNG
진행	NNG
사	NR
릴	NNG
필요	NNG
얘	NP
저거	NP
이즈	NNP
밍크	NNP
붉	VA
그냥	MAG
제약	NNP
은색	NNP
V	SL
있	VV
ㅇㅇ호에요.	NA
보관	NNG
ㅇㅇ쇼핑이지요?	NA
종	NNP
적	VA
과	JKB
준우젬	NA
토마토	NNP
조각조각	NNG
지만요	EC
연결	NNG
는데요	EF
ㅇㅇ원피스	NA
티셔츠	NNP
내복	NNG
거지	NNG
내야	NNP
에요	EC
유행	NNP
는	JX
연	NNG
진공	NNP
먹	VV
술술	MAG
크러쉬	NNP
세로	NNP
한장	NNP
한도	NNP
육만	NR
세일	NNG
체어	NNG
예상	NNG
챙기	VV
ㅇㅇ색깔	NA
말랭이	NA
을라고	EC
벌꿀	NNP
맞교환	NNG
파이	VV
기	ETN
끝판	NNG
원	NNB
치수	NNP
ㄹ까요	EF
화이트닝	NA
왜냐면	MAJ
아침	NNG
자	NNB
다른	MM
대가	NNP
보다	JKB
겁	NNG
버클	NNG
청바지	NNP
ㄹ께	EC
옷	NNG
어	EC
어서	EC
조금	NNG
일요일	NNP
은지	EC
대	NNB
만약	MAG
모시	NNP
고장	NNP
일	NNP
금색	NNP
끝나	VV
군데군데	MAG
용	NNP
롱코트	NA
투엑스	NNP
예뻐	NNP
남색	NNP
센치	NNP
따뜻	XR
씩	XSN
마사지	NNG
낮	NNG
라이트	NNP
컬럼비아	NNP
삼만	NR
은가	EC
주	MM
사백	NR
엠엘	NA
큐빅	NNP
270	NNP
이벤트	NNP
심하	VA
마르	NNP
한가지	NNG
26	SN
함보	NNP
전기선	NNG
여덟	NR
사면	NNP
느라고	EC
토막	NNG
부모	NNG
인증	NNP
케이스	NNP
송장	NNP
표	NNG
측정	NNP
방망이	NNG
하늘색	NNP
으니	EC
양복	NNP
아무튼	MAG
얼	NNG
살짝	MAG
비치	NNP
팔백	NR
끊	VV
그래요	IC
조절	NNG
현대	NNP
모양	NNG
보다	MAG
챠콜?	NA
100	SN
취소	NNG
연두색	NNG
요것	NP
소비자	NNG
ㄴ가	EC
수박색	NNG
기간	NNG
스타	NNP
공구	NNG
65	SN
에이	NNG
나서	VV
슬레진저	NA
던가	EF
신학	NNG
쇼핑	NNG
삼십만	NR
왕	NNG
폴로	NNP
피부	NNP
요	NNG
카파	NNP
오메가	NNP
포함	NNG
약하	VA
땡땡	NNP
신용카드	NNP
250	NNP
사운드	NNP
32	SN
새	MM
미리	MAG
섞이	VV
청소기	NNG
ㅇㅇ쇼핑에서하는	NA
카드	NNP
아서요	EF
일품	NNG
잠기	VV
어저께	NNG
효과	NNG
신상품	NNG
넓이	NNP
카페	NNG
고치	VV
하	NNG
개	VV
275	SN
ㅂ니까	EF
상시	NNG
아야	EC
패딩	NNG
이쁘	VA
도금	NNP
팔	NNG
ㅇㅇㅇ갈비	NA
못쓰	VV
브랜드	NNP
골프	NNP
어디	NP
프리	NNP
고민	NNG
85	SN
글	NNG
착용	NNG
는데	EF
빨강	NNP
적	XSN
할인	NNG
초등학교	NNP
,	SP
거부	NNG
가죽	NNG
품	NNG
cm	SW
폭스	NNP
코	NNG
신발	NNP
조율	NNP
는데요	EC
바람	NNG
서류가방	NNP
냄새	NNG
청록색	NNG
자켓보고	NA
랑	JC
비	NNG
농협	NNG
불안	NNG
구	XPN
반상	NNP
지	EC
아	EF
서	EC
입지	NNG
컨버스	NNP
제품	NNP
진동	NNP
붙	VV
키	NNG
키즈	NNG
하자	NNG
스마트폰	NNP
크리스티나	NNP
싸	VV
보구	NNP
ㄹ까요	EC
또	MAJ
드리	VX
잖아요	EF
노	NNG
부터	JX
삼호	NNP
온 스타일	NNP
몇	NR
열세	NNG
아들	NNG
못	MAG
활	NNG
노란색	NNG
무조건	MAG
제외	NNG
235	SN
기모	NNP
신청	NNG
채	NNB
나가	VX
츄리닝	NNG
말	NNG
9	SN
정신	NNG
별	XSN
라면	EC
8	SN
ㅇㅇ세트인데요.	NA
ㅇㅇㅇㅇ입니다.	NA
15	SN
소파	NNP
가디건	NNG
민트	NNP
습	NNG
Free	SL
대동	NNP
턱	NNG
요	MM
어예	EF
50	SN
대부분	NNG
추가	NNG
뱅	NNG
언제나	MAG
더라고요	EF
보내	VV
살	NNB
에 산	NNP
차단	NNG
이	NNP
배낭	NNP
기사	NNG
네	NP
치마	NNG
아파트	NNG
출근	NNG
입금	NNG
런닝	NNG
휴	IC
송이	NNP
뭐	NP
조끼	NNP
최종	NNG
한테	JKB
쓰레기	NNP
OOO	SL
아요	EF
자켓은	NA
배려	NNG
순차	NNG
오래되	VV
일해	NNP
어머니	NNG
삼	NNG
돌이	NNP
자켓	NA
찍찍이	NNP
백원인	NNP
회원	NNP
이유	NNG
270	SN
빠지	VV
던데요	EF
동해	NNP
가볍	VA
려구요	EF
제가	NNP
단색	NNG
쌀	NNG
자세	XR
빡빡	XR
적	NNB
복숭아	NNP
오	EF
보라	NNP
풀	VV
던	ETM
무지	NNG
무상	NNP
A4	NNP
거의	MAG
날짜	NNP
원대	NNG
저기	NP
이월	NNP
반품	NNG
과	JC
플라워	NNP
ㄹ께요	EF
엑스	NNG
ㄴ가요	EF
작동	NNP
이비가	NNP
슬리퍼	NNP
시	EP
자니까	EC
크	VA
꽉	MAG
체크	NNP
빼	VV
팔리	VV
ARS	SL
거하	VV
인도	NNP
본사	NNP
잠시	NNG
이천	NR
개	NNG
볼	NNG
마저	MAG
뮬	NA
었	EP
는데	EC
290	SN
냐면	EC
끄	VV
전화번호	NNP
전화	NNG
들어가	VV
구도	NNP
월	NNB
구백	NR
쪽	NNB
이름	NNG
되	XSV
을까	EF
제작	NNG
그러냐면ㅇㅇㅇㅇ을	NA
받	VV
하얗	VA
어서요	EC
밴	NNG
빛	NNG
할	NNB
아	EC
꼭	MAG
복잡	XR
믿	VV
항목	NNG
와	JKB
이랑	JC
공제	NNG
같이	MAG
하트	NNP
짜리	XSN
싫	VA
오만	NNP
주가	NNP
판매	NNG
성	XSN
티브이	NNG
몸	NNG
소다	NNG
미드	NNP
시장	NNG
추석	NNP
롱자켓	NA
오늘	NNG
오	VX
겨울	NNG
정보	NNG
뉴스	NNP
사부	NNP
캐	VV
더라	EF
커플링	NNP
생기	VV
이동수	NNP
마찬가지	NNG
보통 여자	NNP
쥬	NNG
어야지요	EF
손잡이	NNP
감색	NNP
끼이	VV
허벅지	NNG
비염	NNP
전부	MAG
돕바는	NA
재	VV
통째	NNG
자주색	NNG
출고	NNG
물품	NNG
맛	NNG
알티	NNG
소	XPN
등산	NNP
트렁크	NNP
학년	NNG
해주시	NNP
칙칙	XR
십삼도	NNP
어	NNG
메이드	NNG
등받이	NNG
린	NNP
십오만	NR
퀸	NNG
제화	NNP
반증	NNG
리	EC
다지	VV
왜	MAG
더라고요	EC
어	IC
육	NR
꼼꼼	XR
남성	NNP
칠천	NR
숫자	NNP
색상	NNP
오리	NNP
엄청	MAG
난 주	NNP
연락	NNG
다리	NNG
금	NNG
깔끔	XR
양이	NNP
아무것	NNG
살구색	NNP
아하	NNP
다운	NNP
니깐	EC
%	SW
텐	NNG
에스에스가	NA
시안	NNP
가시	VV
아요	EC
주	NNB
들	XSN
인가	NNP
칫솔	NNP
국내	NNG
헷갈리	VV
바스	NNP
99	SN
알고 싶어요	NNP
스팟세럼	NA
비늘	NNP
엘	NNP
새벽	NNG
진회색	NNG
보정	NNP
어깨	NNP
쓰이	VV
이스	NNP
요새	NNP
16	SN
첫	MM
으니까요	EF
사실	NNG
똥	NNG
넥밴드	NA
여보세요	NNP
주	NNP
려구요	EC
푸른색	NNG
구매	NNG
오월	NNP
일일이	MAG
아이보리	NNP
당장	NNG
스웨터	NNP
시원	XR
ㄹ려구	EC
타	NNG
사고	NNG
드리	VV
베이지	NNP
시아	NNP
화이트	NNP
우치	NNP
12	SN
월드컵	NNP
천	NR
거든요	EF
씨	NNB
이렇	VA
브라운	NNG
온	MM
단가	NNP
ㅇㅇㅇㅇ	NA
ㄴ가요	EC
세척	NNP
후드	NNP
걸이	NNG
엠이면	NA
지급	NNG
조거	NNP
정리	NNG
스팀	NNP
하	XSA
금요일	NNP
몸매	NNP
검사	NNP
바람막이	NNP
반	NNG
골절	NNP
뜯	VV
묻	VV
글라스	NNG
슬	VV
변하	VV
센티	NNP
앞	NNG
다이아	NNP
이삼	NR
어도	EC
황당	XR
다고요	EF
그린	NNG
계산	NNG
구강 세정제	NNP
어떤	MM
마이	NNG
ㅇㅇ쇼핑을	NA
화장품	NNP
살수	NNP
밖	NNG
여기	NP
캐리어	NNP
는지요	EF
분	XSN
계열	NNG
아침	NNP
군요	EF
쇼핑몰	NNP
매트	NNP
설명	NNG
목도리	NNP
기계	NNG
예쁘	VA
합치	VV
정찰	NNG
전해	NNP
볼펜	NNP
아빠	NNP
까	NNP
소품	NNG
언제	NP
곰팡이	NNP
할머니	NNG
백사	NNP
가까이	MAG
10월 30일	NNP
퍼플	NNP
싸	VA
뿐	NNB
믹서기	NNG
몸뻬	NNG
조	NR
푸	VV
뜨	VV
구분	NNG
로	JKB
겉옷	NNG
이십구	NR
은데	EC
불고기	NNP
나나	NNP
현관	NNP
와인	NNP
구	NNP
학생	NNG
연하	VA
mm	SL
어쩌	VV
시	VA
모카	NNP
화면	NNG
길래	EC
남자친구	NNP
상황	NNG
케이	NNP
선물	NNG
약품	NNG
지만	EC
ㄹ라	EC
고서	EC
늦	VA
어느	MM
시일	NNG
회색	NNG
라	NNG
도록	EC
그런지	NNP
다	MAG
나	EF
내려오	VV
나뉘	VV
미팅	NNP
법인	NNP
토막	NNP
가지	VX
그래도	MAJ
정상	NNP
만	NR
프린가	NNP
정제	NNP
를	JKO
진	NNP
비교	NNG
꺼	NNB
고요	EC
오렌지	NNP
카멜	NNP
기구	NNG
율	XSN
삼천	NNP
재킷	NNP
사	VV
염색	NNP
취소	NNP
전	MM
소비자	NNP
라고	EF
딸	NNG
참	IC
뽀송	NA
친정엄마	NNP
박사	NNG
남	VV
여쭙	VV
코끼리	NNP
낫	VA
석류	NNG
곳	NNG
쇼핑	NNP
라인	NNP
2	SN
요	NNP
광진구	NNP
필터	NNP
따르	VV
200	SN
웨어	NNG
무	XPN
함	NNG
체크카드	NNP
던지	EC
으려고	EC
엊그저께	NA
사도	NNP
스모	NNP
책임지	VV
밑	NNG
되	EC
책가방	NNP
루비	NNP
나	JC
회수	NNG
코랄	NNP
오	VV
여유	NNG
오백	NR
ㄴ다구요	EF
맛있	VA
이란	JX
주로	MAG
킹	NNG
차이나	NNP
뭐	IC
나요	EF
영광	NNP
가발	NNP
맨	MM
거든요	EC
팔	NNP
기울어지	VV
그래서	MAJ
드	NNG
사천	NR
쪼그맣	VA
수동	NNP
문	NNG
ㅇㅇ쇼핑에서	NA
나	VX
을	NNG
저런	MM
아예	EF
삭제	NNG
글자	NNG
손	NNG
상한	NNG
아이	NNG
울도	NNP
장	NNG
가죽	NNP
청색	NNG
어야	EC
순	MM
흑	NNG
차이	NNG
ㄴ데	EC
스탠스미스는	NA
약간	MAG
측	NNB
은데요	EF
쉽	VA
십오	NR
그제서야	MAG
와	JC
농협	NNP
확실	XR
사오만	NR
는가요	EF
에어	NNP
에어리	NNP
하의	NNP
감액	NNG
한정판	NNP
백	NNG
재	XPN
요런	MM
주말	NNP
맞추	VV
파란	NNP
슈즈	NNG
미	NNP
채널	NNG
생산	NNG
방문	NNG
지방	NNG
완전	NNG
삼성카드	NNP
메기	NNP
좋아서	NNP
아물	VV
다니까요	EF
입력	NNG
지연	NNG
저것	NP
신랑	NNG
혹시	MAG
삼성	NNP
쯤	NNB
마음	NNG
둘레	NNP
익일	NNG
번호	NNG
여행	NNG
신청	NNP
속옷	NNG
백	NR
붙이	VV
배	NNG
씩	MAG
현관문	NNG
좋아하	VV
껀	NNB
을려면	EC
프라이팬	NNP
화요일	NNG
막	MAG
포	NNP
없	VV
귀걸이	NNP
가가	NNP
베이지색	NNP
내추럴	NNP
해줘햐	NA
처리	NNG
청구	NNG
에이치	NNP
라구요	EF
은가요	EF
페인	NNP
놓아두	VV
육개	NNP
오후	NNG
260	NNP
을	JKO
중간	NNG
ㄴ데요	EF
ㅇㅇㅇㅇ코끼리	NA
다는데	EC
이십만	NR
아프	VA
해지	NNP
9900	SN
오류	NNP
사요	NNP
상담	NNG
휴	NNP
칼	NNG
치마	NNP
겠	EP
아파트	NNP
착각	NNG
나	EC
봄	NNP
7	SN
한	MM
머리띠	NNP
탕가	NNP
해당	NNG
ㄹ려	EC
팬츠	NNG
소독	NNG
포장	NNG
모기	NNP
ㄹ	ETM
도어	NNP
손질	NNG
차코	NNP
통	MAG
가로	NNP
정확히	MAG
광고	NNG
산	NNG
오지	NNP
디	NNP
제각각	MAG
꾸리	VV
았었	EP
아니	MAG
려던	ETM
만약	NNG
소	NNP
육천	NR
털이	NNG
부르	VV
자동	NNG
우산	NNG
혹	MAG
요가	NNP
조이스	NNP
낙지	NNP
검정말	NNP
롱	NA
반드시	MAG
달라지	VV
거든	EC
최근	NNG
여름	NNG
파일	NNP
오버핏	NA
늘	VV
빗	VV
녹십자	NNP
커서	NNP
거실	NNG
최저	NNG
ㄹ려면	EC
더니	EF
벌	NNG
시키	XSV
계통	NNG
25	SN
평소	NNG
개	NNB
프로	NNP
산이	NNP
더라구요	EC
바	NNB
걸리	VV
왼쪽	NNG
신상	NNG
지도	NNP
되	VV
평상시	NNG
블라우스	NNP
아웃	NNP
원단	NNP
화사	XR
ㅇㅇ쇼핑보고	NA
은행	NNG
배달	NNG
감	NNG
나요	EC
수육	NNG
울	VV
사이즈	NNG
뒤축	NNG
실버	NNP
송기	NNP
원하	VV
우선	MAG
마늘	NNP
세탁소	NNG
연고	NNG
ㅇㅇ쇼핑에는	NA
무엇	NP
많	VA
높	VA
매직	NNP
뚱뚱	XR
별	MM
을지	EC
전화	NNP
멜빵	NNG
45	SN
미오	NNP
지아	NNP
갖	VV
95	SN
스무	MM
따로따로	MAG
상	NNG
분명히	MAG
엠보다	NA
글쎄	IC
가져다주	VV
지	EF
쓰리	NNG
같애서요.	NA
궁금	XR
서	EF
핸드	NNP
슬립	NNP
걱정	NNG
예	NNG
오	NR
뽀송이라고	NA
아니	VCN
이십	NR
가지	VV
죠	EC
으시	EP
메디아	NNP
말	VV
코트	NNG
녹음	NNG
온	NNP
미안	XR
렌즈	NNP
젤	NNG
음	ETN
아놀드	NNP
칠월	NNG
무슨	MM
국물	NNG
구천	NNP
시	NNB
갈비	NNP
귀찮	VA
앱을	NA
새롭	VA
펴	VV
오예	NNP
센터	NNG
사주	NNP
멍	NNG
비요	NNP
헤어	NNG
화가	NNG
모두	MAG
고동색	NNG
층	XSN
늘어나	VV
폴로 셔츠	NNP
처럼	JKB
연한	NNG
전동 칫솔	NNP
타일	NNP
요건	NNG
사월	NNP
뾰족	MAG
감사	NNG
근육통	NNP
얼마나	MAG
에다	JKB
모피	NNP
수취	NNG
어다	EC
가족	NNG
매진	NNG
발	NNG
영	MAG
여성화	NNP
이내	MAG
이기	NNP
좁	VA
멫이고	NA
원피스	NNG
커브	NNG
ㄴ데요	EC
얼마	NNG
에이알에스로	NA
그저께	NNG
일주일	NNP
지	VX
건	EC
외	NNG
창	NNG
히려구요.	NA
ㅇㅇㅇ이요,	NA
곤	NNP
부엉이	NNP
앱으로	NA
콜	NNP
나	VV
기요	EF
카	MAG
사람	NNG
자세히	MAG
설	NNB
오인	NNP
팔만	NR
아유	IC
리츠	NNP
양면	NNG
그지	IC
젊	VA
운동화	NNP
동영상	NNP
심플	NNP
두껍	VA
다	EC
작아지	VV
카키색	NNP
워싱팬츠	NA
각각	MAG
넘	VV
틀리	VV
그쪽	NP
양쪽	NNG
에이	IC
번	NNB
더비	NNP
105	NNP
ㅇㅇㅇ을	NA
ㅇㅇ	NA
어요	EF
바지	NNP
그럼	IC
더니	EC
35	NNP
삽	NNG
모바일 결제	NNP
제거	NNG
대인	NNP
이거	NP
희	VA
칠칠	XR
정도	NNG
중요	XR
구나	EF
선전	NNG
제	XPN
6	SN
관리	NNG
똑깥나요?	NA
확정	NNG
ㄴ다고	EC
바뀌	VV
업무	NNG
니	EC
분홍	NNP
카키	NNG
미디움라지는	NA
브라운	NNP
등급	NNG
판단	NNG
ㅇ	NA
아디다스	NNP
덜	VV
납부	NNG
하나	NNP
220	SN
전	NNP
똑같이	MAG
하지만	MAJ
발부	NNG
할라	NNP
여하튼	MAG
라지	EC
체질	NNG
액세서리	NNP
카디건	NNP
세트	NNG
영수증	NNP
소리	NNG
무	NNP
더니만	EC
물걸레	NNG
어서요	EF
트	VV
다섯	NR
허리둘레	NNG
사정	NNG
ㄹ건데	EF
이거	NNP
부분	NNG
형	XSN
까지	JX
사골	NNP
가깝	VA
시공	NNG
여전히	MAG
ㄴ다니까	EC
얇	VA
종근당	NNP
팜스프링스	NNP
조금	MAG
이로	NNP
걸맀는	NA
으려면	EC
방송	NNG
총	MM
색깔	NNG
게든	EC
정찰	NNP
끼	VV
등산화	NNG
오렌지색	NNG
박	NNP
어야지	EC
단순	XR
이천원	NNP
다가	EC
함께	MAG
웨빙	NA
굵	VA
양	MM
미숫가루	NNP
파마	NNP
해서	NNP
송해	NNP
타이	NNP
매이	VV
열흘	NNG
죄	NNG
수요일	NNP
욕실	NNP
휴대폰	NNG
팬티	NNG
면서	EC
수고	NNG
여자	NNG
할거	NNG
ㅇㅇㅇ은	NA
ㅇㅇ을	NA
주중	NNG
L	SL
ㅇㅇㅇ동	NA
다르	VA
잔틴	NNP
같애서	NA
불가	NNG
원인	NNG
로얄	NNG
언제	MAG
엄마	NNG
없	VA
상품	NNG
노트북	NNP
일	VV
가	VX
냐고요	EF
라면	NNP
자석	NNP
회색	NNP
때문	NNB
슈퍼	NNP
점잖	VA
아무	MM
무료	NNP
파	NNG
마스터즈	NA
저녁	NNG
복	NNG
둘	NR
애요	EF
비하	VV
염색약	NNG
ㄹ게요	EC
목선	NNG
자켓을	NA
이제	MAG
장난	NNG
다지기	NNG
마니	NNP
날	NNG
깔	VV
커버	NNP
만원	NNP
상담원	NNG
아야죠	EF
상하	NNG
안녕하십니까	NNP
ㄹ려구요	EF
이건	NNP
전부	NNG
을	ETM
사이고	NNP
애	NNG
어머님	NNG
사용	NNG
의자	NNP
발생	NNG
폰	NNP
나이키	NNP
왕복	NNG
사장	NNG
미디움이면	NA
착용감	NNG
m	SL
신축	NNG
255	NNP
진열	NNG
에이알에스	NA
ㄴ다	EC
수면	NNP
몇	MM
성인	NNG
비	XPN
어요	EC
애플	NNP
지금	NNG
보이	VV
계좌	NNG
아무래도	MAG
M	SL
고	EF
넘	NNG
클리너	NNG
한꺼번에	MAG
맨투맨	NNP
약지	NNG
한	NNP
위하	VV
주소	NNG
길이	NNP
치료기	NNG
더러워지	VV
통하	VV
네	EC
아버님	NNG
킹	NNP
두	VV
마스크	NNP
색도	NNP
그럼요	IC
부	XPN
얼룩	NNG
인	NNG
별루	MAG
오르	VV
ㄴ다는데	EC
발등	NNG
이상	NNG
엉망	NNG
앵	NNG
곤색	NNG
안	MAG
끝	NNG
오천	NNP
털	NNG
원도	NNP
10	SN
통화	NNG
장	NNP
35	SN
250	SN
구두	NNP
어울리	VV
우	NNP
지나가	VV
블라키	NA
팔십	NR
개봉	NNG
이만	NNP
상	XSN
단위	NNG
짙은	NNP
14	SN
ㅇㅇㅇ를	NA
행사	NNG
곧	MAG
명절	NNP
에그	NNP
동안	NNG
건조기	NNP
금액	NNG
다는	ETM
가져오	VV
제	XSN
지	VV
즉시	MAG
오랑	NNP
필드	NNG
서	VV
외출	NNG
데님	NNP
실례	NNG
일일	NNG
커피	NNG
가방	NNG
실제로	MAG
트레킹	NNG
중형	NNG
지연	NNP
러	EC
당	NNP
유형	NNG
이왕이면	MAG
하루	NNG
잠깐	MAG
게끔	EC
선호	NNG
전혀	MAG
나오	VV
비싸	VA
구요	EF
특이	XR
백일	NNG
버건디	NNP
90	SN
신기	VV
속옷	NNP
세번	NNP
아서	EC
밴드	NNP
소액	NNG
육백	NNP
방법	NNG
선풍기	NNP
언니	NNG
지로	NNP
화요일	NNP
육	NNG
뚜껑	NNG
마랑	NNP
걷	VV
ㄹ	JKO
은데	EF
안경	NNP
지인	NNP
끌	VV
어제	NNP
니트	NNP
처리	NNP
조수석	NNG
뿌리	NNG
뭘	IC
많이	MAG
어딨어요?	NA
신규	NNG
회사	NNP
ㄹ래요	EF
려는데	EC
리	NNB
뿐	JX
빨	VV
소재	NNG
구입	NNG
엘에이	NNP
어린이날	NNP
해피	NNP
이종	NNP
굴	NNG
별로	MAG
어떻하	VV
그러	VV
이용	NNG
단추	NNP
아무리	MAG
차지	NNG
이상	XR
진공 청소기	NNP
해당	NNP
원요	NNP
ㄴ	ETM
일	NNG
포장	NNP
아래	NNG
이	VV
스카프	NNP
고요	EF
평균	NNG
ㄹ려고	EC
아버지	NNG
캠퍼스	NNP
까맣	VA
현대카드	NNP
원래	NNG
아저씨	NNG
부족	NNG
칼라	NNP
새로	MAG
테이블	NNP
내	VV
이백	NNP
세	VV
잭	NNP
ㅇㅇㅇ호.	NA
큰거랑	NNP
어둡	VA
주문	NNG
월요일	NNG
균	NNG
요	JX
게	EF
이사	NNG
지난번	NNG
면	EC
개런티	NNG
인기	NNG
산거	NNG
미디움이죠?	NA
스트립	NNP
자꾸	MAG
남	NNP
크로스	NNP
고	EC
알	VV
연청	NNG
신상	NNP
신주머니	NNG
잇	VV
최대한	NNG
열쇠	NNP
돈	NNG
마다	JX
음성	NNG
245	SN
여쭈	VV
예전	NNG
금방	MAG
블루	NNG
엔젤	NNP
노랗	VA
병원	NNG
행	NNB
나가	VV
매장	NNG
쓰레빠	NA
30	SN
팔로	NNP
운동	NNG
식	NNB
쓸	VV
해결	NNG
피부	NNG
습니까	EF
ㅇㅇ쇼핑	NA
이랑	NNP
이틀	NNG
작	VA
이식	NNP
돼지	NNP
다리미	NNP
라고요	EF
든지	EC
ㄴ데	EF
버튼	NNP
가격	NNG
송	NNG
라는데	EF
하나에	NNP
열	NR
카드	NNG
그거	NP
에	NNG
놀라	VV
세일	NNP
OOOO	SL
루	NNG
던데	EF
균일	NNG
티	NNG
제로	NNP
핸드폰	NNP
37	SN
의	JKG
최고	NNG
용지	NNG
얘기	NNG
쪼	VV
벗겨지	VV
코트	NNP
컴	NNG
잘못	MAG
제일	NNG
침대	NNP
지	NNG
ㅇㅇㅇ이구요.	NA
점보	NNG
ㄹ지	EC
밥솥	NNP
굽이	NNG
구요	EC
센터	NNP
냉동실	NNG
!	SF
수리비	NNG
가장	MAG
천천히	MAG
팔사	NNP
그렇	VA
잠바	NNG
어서	MAG
불편	NNG
해달	NNP
저희	NP
기능	NNG
는다는	ETM
앤드	NNP
외	NNB
을까요	EC
이나	JX
기본	NNG
음질	NNG
제품	NNG
말라	NNP
포트	NNP
자기	NP
평	NNB
요금	NNG
센티미터	NNB
정	NNG
점원	NNG
에스	NA
확인	NNG
질기	VA
내의	NNG
페이	NNP
시간	NNG
인치	NNB
잘	MAG
구	EC
ㄹ래요	EC
부재	NNG
ㅂ니다	EF
체험	NNG
원피스	NNP
보통	MAG
께서	JKS
남방	NNP
따로	MAG
도깨비	NNP
사이트	NNG
멀티	NNP
화려	XR
려나	EF
파랑색	NNG
내면	NNP
올라오	VV
안와	NNP
곤란	NNG
바로크	NNP
이상일	NNP
어떻	VA
말씀	NNG
방금	MAG
않	VX
센티미터	NNP
고기	NNG
거도	NNP
이	JKS
요번	NNG
삼월	NNP
수	NNB
가요	NNP
인치	NNP
올	NNG
아테네	NNP
와이프	NNG
40	SN
오른쪽	NNG
4	SN
입장	NNG
부러지	VV
ㄴ다면	EC
두	MM
조명	NNP
팩	NNG
으려나	EF
달쏭해서	NA
여러	MM
모노톤	NNG
맡아보	VV
레깅스	NNP
게	EC
타요	NNP
심해	NNP
다예	NNP
사와	NNP
하루만	NNP
세	NNG
보라색	NNG
침구	NNP
퇴치	NNG
는다고	EC
스도	NNP
17	SN
분이	NNP
워크	NNG
는고	EF
더라구요	EF
카	VV
진제	NNP
정확	XR
품	NNB
정도	NNP
선전	NNP
오로 주	NNP
기다리	VV
편	NNB
5000	SN
메	VV
비슷	XR
어차피	MAG
보	VX
하네	NNP
올리	VV
7000	SN
같	VA
부서지	VV
보호	NNG
ㄹ텐데	EC
후	NNG
으	NNG
걸리	NNP
통	NNG
돼죠?	NA
기준	NNG
견	NNG
놓	VX
음	NNG
라니까요	EF
ㅇㅇ박스	NA
습니까	EC
문의	NNG
음	IC
분	NNB
남녀	NNG
유산	NNP
오차	NNP
백금	NNP
어떻해요?	NA
가	JKS
가지	NNB
시서스	NA
ㄴ다고요	EF
미만	NNG
떨어지	VV
꽃무늬	NNG
개수	NNG
말	NNB
아주	MAG
오십	NR
바늘	NNP
듯	NNB
결제	NNG
죠	EF
던데	EC
송도	NNP
갈치	NNP
알아보	VV
쓰	VV
사구	NNP
임페리얼	NNG
그래	IC
스판	NNP
밤색	NNG
가	NNG
한쪽	NNG
찌	NNG
흑갈색	NNG
업	NNG
하얀색	NNG
장갑	NNP
무스	NNP
가지	NNP
저	MM
색인	NNP
내일	NNG
본체	NNG
ㅂ니다만	EC
닫	VV
보니	NNP
초	XPN
올	MM
아	IC
떡	NNG
랑	JKB
적히	VV
발목	NNG
캠프	NNP
피	NNG
십	NR
사인	NNP
한참	NNG
파란색	NNG
ㄹ게	EC
팬티	NNP
알리	VV
구찌	NNP
까	VV
나	NP
상의	NNG
아우터	NNG
레그웨어	NNG
안경테	NNG	
강추	NNG